{
  "vendors":{
    "badVendors":[[737.4551352843732,550.7119385342789],[605.257296679025,479.17813238770685],[574.5194249428098,578.7251773049645],[667.732645736373,772.8169030732861],[502.2979214325156,604.4873522458629],[442.065670111225,736.7092198581561],[459.0589650548237,494.0945626477542],[401.83154531829297,339.2713947990544],[179.66920407036366,102.40945626477543],[231.0555139228524,503.9882978723404],[301.2778062633115,512.7424349881796],[331.0160724146091,565.5173758865249],[314.02898950855877,451.9054373522458]],
    "goodVendors":[[127.7445373511083,265.265011820331],[508.09446241224265,296.27966903073286],[669.5307643764297,669.9562647754137],[372.1481028634536,706.9737588652482],[255.69446635639346,535.9671985815603],[184.22294312534518,412.13557919621746]]
  },
  "mines":{},
  "syndicateTower":{},
  "skillFruits":{},
  "fastTravel":{}
}
